SysClk (MHz),Target Baudrate (bps),Over Sampling,Ideal Div,Actual Div,Actual Baudrate (bps),Error (%)
12.0,110,8,13636.36,13636,110.00,0.0027%
12.0,110,16,6818.18,6818,110.00,0.0027%
12.0,110,32,3409.09,3409,110.00,0.0027%
12.0,300,8,5000.00,5000,300.00,0.0000%
12.0,300,16,2500.00,2500,300.00,0.0000%
12.0,300,32,1250.00,1250,300.00,0.0000%
12.0,600,8,2500.00,2500,600.00,0.0000%
12.0,600,16,1250.00,1250,600.00,0.0000%
12.0,600,32,625.00,625,600.00,0.0000%
12.0,1200,8,1250.00,1250,1200.00,0.0000%
12.0,1200,16,625.00,625,1200.00,0.0000%
12.0,1200,32,312.50,312,1201.92,0.1603%
12.0,2400,8,625.00,625,2400.00,0.0000%
12.0,2400,16,312.50,312,2403.85,0.1603%
12.0,2400,32,156.25,156,2403.85,0.1603%
12.0,4800,8,312.50,312,4807.69,0.1603%
12.0,4800,16,156.25,156,4807.69,0.1603%
12.0,4800,32,78.12,78,4807.69,0.1603%
12.0,9600,8,156.25,156,9615.38,0.1603%
12.0,9600,16,78.12,78,9615.38,0.1603%
12.0,9600,32,39.06,39,9615.38,0.1603%
12.0,14400,8,104.17,104,14423.08,0.1603%
12.0,14400,16,52.08,52,14423.08,0.1603%
12.0,14400,32,26.04,26,14423.08,0.1603%
12.0,19200,8,78.12,78,19230.77,0.1603%
12.0,19200,16,39.06,39,19230.77,0.1603%
12.0,19200,32,19.53,20,18750.00,-2.3438%
12.0,38400,8,39.06,39,38461.54,0.1603%
12.0,38400,16,19.53,20,37500.00,-2.3438%
12.0,38400,32,9.77,10,37500.00,-2.3438%
12.0,57600,8,26.04,26,57692.31,0.1603%
12.0,57600,16,13.02,13,57692.31,0.1603%
12.0,57600,32,6.51,7,53571.43,-6.9940%
12.0,115200,8,13.02,13,115384.62,0.1603%
12.0,115200,16,6.51,7,107142.86,-6.9940%
12.0,115200,32,3.26,3,125000.00,8.5069%
12.0,230400,8,6.51,7,214285.71,-6.9940%
12.0,230400,16,3.26,3,250000.00,8.5069%
12.0,230400,32,1.63,2,187500.00,-18.6198%
12.0,460800,8,3.26,3,500000.00,8.5069%
12.0,460800,16,1.63,2,375000.00,-18.6198%
12.0,460800,32,0.81,1,375000.00,-18.6198%
12.0,921600,8,1.63,2,750000.00,-18.6198%
12.0,921600,16,0.81,1,750000.00,-18.6198%
12.0,921600,32,0.41,N/A,N/A,Out of Range
24.0,110,8,27272.73,27273,110.00,-0.0010%
24.0,110,16,13636.36,13636,110.00,0.0027%
24.0,110,32,6818.18,6818,110.00,0.0027%
24.0,300,8,10000.00,10000,300.00,0.0000%
24.0,300,16,5000.00,5000,300.00,0.0000%
24.0,300,32,2500.00,2500,300.00,0.0000%
24.0,600,8,5000.00,5000,600.00,0.0000%
24.0,600,16,2500.00,2500,600.00,0.0000%
24.0,600,32,1250.00,1250,600.00,0.0000%
24.0,1200,8,2500.00,2500,1200.00,0.0000%
24.0,1200,16,1250.00,1250,1200.00,0.0000%
24.0,1200,32,625.00,625,1200.00,0.0000%
24.0,2400,8,1250.00,1250,2400.00,0.0000%
24.0,2400,16,625.00,625,2400.00,0.0000%
24.0,2400,32,312.50,312,2403.85,0.1603%
24.0,4800,8,625.00,625,4800.00,0.0000%
24.0,4800,16,312.50,312,4807.69,0.1603%
24.0,4800,32,156.25,156,4807.69,0.1603%
24.0,9600,8,312.50,312,9615.38,0.1603%
24.0,9600,16,156.25,156,9615.38,0.1603%
24.0,9600,32,78.12,78,9615.38,0.1603%
24.0,14400,8,208.33,208,14423.08,0.1603%
24.0,14400,16,104.17,104,14423.08,0.1603%
24.0,14400,32,52.08,52,14423.08,0.1603%
24.0,19200,8,156.25,156,19230.77,0.1603%
24.0,19200,16,78.12,78,19230.77,0.1603%
24.0,19200,32,39.06,39,19230.77,0.1603%
24.0,38400,8,78.12,78,38461.54,0.1603%
24.0,38400,16,39.06,39,38461.54,0.1603%
24.0,38400,32,19.53,20,37500.00,-2.3438%
24.0,57600,8,52.08,52,57692.31,0.1603%
24.0,57600,16,26.04,26,57692.31,0.1603%
24.0,57600,32,13.02,13,57692.31,0.1603%
24.0,115200,8,26.04,26,115384.62,0.1603%
24.0,115200,16,13.02,13,115384.62,0.1603%
24.0,115200,32,6.51,7,107142.86,-6.9940%
24.0,230400,8,13.02,13,230769.23,0.1603%
24.0,230400,16,6.51,7,214285.71,-6.9940%
24.0,230400,32,3.26,3,250000.00,8.5069%
24.0,460800,8,6.51,7,428571.43,-6.9940%
24.0,460800,16,3.26,3,500000.00,8.5069%
24.0,460800,32,1.63,2,375000.00,-18.6198%
24.0,921600,8,3.26,3,1000000.00,8.5069%
24.0,921600,16,1.63,2,750000.00,-18.6198%
24.0,921600,32,0.81,1,750000.00,-18.6198%
25.0,110,8,28409.09,28409,110.00,0.0003%
25.0,110,16,14204.55,14205,110.00,-0.0032%
25.0,110,32,7102.27,7102,110.00,0.0038%
25.0,300,8,10416.67,10417,299.99,-0.0032%
25.0,300,16,5208.33,5208,300.02,0.0064%
25.0,300,32,2604.17,2604,300.02,0.0064%
25.0,600,8,5208.33,5208,600.04,0.0064%
25.0,600,16,2604.17,2604,600.04,0.0064%
25.0,600,32,1302.08,1302,600.04,0.0064%
25.0,1200,8,2604.17,2604,1200.08,0.0064%
25.0,1200,16,1302.08,1302,1200.08,0.0064%
25.0,1200,32,651.04,651,1200.08,0.0064%
25.0,2400,8,1302.08,1302,2400.15,0.0064%
25.0,2400,16,651.04,651,2400.15,0.0064%
25.0,2400,32,325.52,326,2396.47,-0.1470%
25.0,4800,8,651.04,651,4800.31,0.0064%
25.0,4800,16,325.52,326,4792.94,-0.1470%
25.0,4800,32,162.76,163,4792.94,-0.1470%
25.0,9600,8,325.52,326,9585.89,-0.1470%
25.0,9600,16,162.76,163,9585.89,-0.1470%
25.0,9600,32,81.38,81,9645.06,0.4694%
25.0,14400,8,217.01,217,14400.92,0.0064%
25.0,14400,16,108.51,109,14334.86,-0.4523%
25.0,14400,32,54.25,54,14467.59,0.4694%
25.0,19200,8,162.76,163,19171.78,-0.1470%
25.0,19200,16,81.38,81,19290.12,0.4694%
25.0,19200,32,40.69,41,19054.88,-0.7558%
25.0,38400,8,81.38,81,38580.25,0.4694%
25.0,38400,16,40.69,41,38109.76,-0.7558%
25.0,38400,32,20.35,20,39062.50,1.7253%
25.0,57600,8,54.25,54,57870.37,0.4694%
25.0,57600,16,27.13,27,57870.37,0.4694%
25.0,57600,32,13.56,14,55803.57,-3.1188%
25.0,115200,8,27.13,27,115740.74,0.4694%
25.0,115200,16,13.56,14,111607.14,-3.1188%
25.0,115200,32,6.78,7,111607.14,-3.1188%
25.0,230400,8,13.56,14,223214.29,-3.1188%
25.0,230400,16,6.78,7,223214.29,-3.1188%
25.0,230400,32,3.39,3,260416.67,13.0281%
25.0,460800,8,6.78,7,446428.57,-3.1188%
25.0,460800,16,3.39,3,520833.33,13.0281%
25.0,460800,32,1.70,2,390625.00,-15.2289%
25.0,921600,8,3.39,3,1041666.67,13.0281%
25.0,921600,16,1.70,2,781250.00,-15.2289%
25.0,921600,32,0.85,1,781250.00,-15.2289%
36.864,110,8,41890.91,41891,110.00,-0.0002%
36.864,110,16,20945.45,20945,110.00,0.0022%
36.864,110,32,10472.73,10473,110.00,-0.0026%
36.864,300,8,15360.00,15360,300.00,0.0000%
36.864,300,16,7680.00,7680,300.00,0.0000%
36.864,300,32,3840.00,3840,300.00,0.0000%
36.864,600,8,7680.00,7680,600.00,0.0000%
36.864,600,16,3840.00,3840,600.00,0.0000%
36.864,600,32,1920.00,1920,600.00,0.0000%
36.864,1200,8,3840.00,3840,1200.00,0.0000%
36.864,1200,16,1920.00,1920,1200.00,0.0000%
36.864,1200,32,960.00,960,1200.00,0.0000%
36.864,2400,8,1920.00,1920,2400.00,0.0000%
36.864,2400,16,960.00,960,2400.00,0.0000%
36.864,2400,32,480.00,480,2400.00,0.0000%
36.864,4800,8,960.00,960,4800.00,0.0000%
36.864,4800,16,480.00,480,4800.00,0.0000%
36.864,4800,32,240.00,240,4800.00,0.0000%
36.864,9600,8,480.00,480,9600.00,0.0000%
36.864,9600,16,240.00,240,9600.00,0.0000%
36.864,9600,32,120.00,120,9600.00,0.0000%
36.864,14400,8,320.00,320,14400.00,0.0000%
36.864,14400,16,160.00,160,14400.00,0.0000%
36.864,14400,32,80.00,80,14400.00,0.0000%
36.864,19200,8,240.00,240,19200.00,0.0000%
36.864,19200,16,120.00,120,19200.00,0.0000%
36.864,19200,32,60.00,60,19200.00,0.0000%
36.864,38400,8,120.00,120,38400.00,0.0000%
36.864,38400,16,60.00,60,38400.00,0.0000%
36.864,38400,32,30.00,30,38400.00,0.0000%
36.864,57600,8,80.00,80,57600.00,0.0000%
36.864,57600,16,40.00,40,57600.00,0.0000%
36.864,57600,32,20.00,20,57600.00,0.0000%
36.864,115200,8,40.00,40,115200.00,0.0000%
36.864,115200,16,20.00,20,115200.00,0.0000%
36.864,115200,32,10.00,10,115200.00,0.0000%
36.864,230400,8,20.00,20,230400.00,0.0000%
36.864,230400,16,10.00,10,230400.00,0.0000%
36.864,230400,32,5.00,5,230400.00,0.0000%
36.864,460800,8,10.00,10,460800.00,0.0000%
36.864,460800,16,5.00,5,460800.00,0.0000%
36.864,460800,32,2.50,2,576000.00,25.0000%
36.864,921600,8,5.00,5,921600.00,0.0000%
36.864,921600,16,2.50,2,1152000.00,25.0000%
36.864,921600,32,1.25,1,1152000.00,25.0000%
50.0,110,8,56818.18,56818,110.00,0.0003%
50.0,110,16,28409.09,28409,110.00,0.0003%
50.0,110,32,14204.55,14205,110.00,-0.0032%
50.0,300,8,20833.33,20833,300.00,0.0016%
50.0,300,16,10416.67,10417,299.99,-0.0032%
50.0,300,32,5208.33,5208,300.02,0.0064%
50.0,600,8,10416.67,10417,599.98,-0.0032%
50.0,600,16,5208.33,5208,600.04,0.0064%
50.0,600,32,2604.17,2604,600.04,0.0064%
50.0,1200,8,5208.33,5208,1200.08,0.0064%
50.0,1200,16,2604.17,2604,1200.08,0.0064%
50.0,1200,32,1302.08,1302,1200.08,0.0064%
50.0,2400,8,2604.17,2604,2400.15,0.0064%
50.0,2400,16,1302.08,1302,2400.15,0.0064%
50.0,2400,32,651.04,651,2400.15,0.0064%
50.0,4800,8,1302.08,1302,4800.31,0.0064%
50.0,4800,16,651.04,651,4800.31,0.0064%
50.0,4800,32,325.52,326,4792.94,-0.1470%
50.0,9600,8,651.04,651,9600.61,0.0064%
50.0,9600,16,325.52,326,9585.89,-0.1470%
50.0,9600,32,162.76,163,9585.89,-0.1470%
50.0,14400,8,434.03,434,14400.92,0.0064%
50.0,14400,16,217.01,217,14400.92,0.0064%
50.0,14400,32,108.51,109,14334.86,-0.4523%
50.0,19200,8,325.52,326,19171.78,-0.1470%
50.0,19200,16,162.76,163,19171.78,-0.1470%
50.0,19200,32,81.38,81,19290.12,0.4694%
50.0,38400,8,162.76,163,38343.56,-0.1470%
50.0,38400,16,81.38,81,38580.25,0.4694%
50.0,38400,32,40.69,41,38109.76,-0.7558%
50.0,57600,8,108.51,109,57339.45,-0.4523%
50.0,57600,16,54.25,54,57870.37,0.4694%
50.0,57600,32,27.13,27,57870.37,0.4694%
50.0,115200,8,54.25,54,115740.74,0.4694%
50.0,115200,16,27.13,27,115740.74,0.4694%
50.0,115200,32,13.56,14,111607.14,-3.1188%
50.0,230400,8,27.13,27,231481.48,0.4694%
50.0,230400,16,13.56,14,223214.29,-3.1188%
50.0,230400,32,6.78,7,223214.29,-3.1188%
50.0,460800,8,13.56,14,446428.57,-3.1188%
50.0,460800,16,6.78,7,446428.57,-3.1188%
50.0,460800,32,3.39,3,520833.33,13.0281%
50.0,921600,8,6.78,7,892857.14,-3.1188%
50.0,921600,16,3.39,3,1041666.67,13.0281%
50.0,921600,32,1.70,2,781250.00,-15.2289%
73.728,110,8,83781.82,N/A,N/A,Out of Range
73.728,110,16,41890.91,41891,110.00,-0.0002%
73.728,110,32,20945.45,20945,110.00,0.0022%
73.728,300,8,30720.00,30720,300.00,0.0000%
73.728,300,16,15360.00,15360,300.00,0.0000%
73.728,300,32,7680.00,7680,300.00,0.0000%
73.728,600,8,15360.00,15360,600.00,0.0000%
73.728,600,16,7680.00,7680,600.00,0.0000%
73.728,600,32,3840.00,3840,600.00,0.0000%
73.728,1200,8,7680.00,7680,1200.00,0.0000%
73.728,1200,16,3840.00,3840,1200.00,0.0000%
73.728,1200,32,1920.00,1920,1200.00,0.0000%
73.728,2400,8,3840.00,3840,2400.00,0.0000%
73.728,2400,16,1920.00,1920,2400.00,0.0000%
73.728,2400,32,960.00,960,2400.00,0.0000%
73.728,4800,8,1920.00,1920,4800.00,0.0000%
73.728,4800,16,960.00,960,4800.00,0.0000%
73.728,4800,32,480.00,480,4800.00,0.0000%
73.728,9600,8,960.00,960,9600.00,0.0000%
73.728,9600,16,480.00,480,9600.00,0.0000%
73.728,9600,32,240.00,240,9600.00,0.0000%
73.728,14400,8,640.00,640,14400.00,0.0000%
73.728,14400,16,320.00,320,14400.00,0.0000%
73.728,14400,32,160.00,160,14400.00,0.0000%
73.728,19200,8,480.00,480,19200.00,0.0000%
73.728,19200,16,240.00,240,19200.00,0.0000%
73.728,19200,32,120.00,120,19200.00,0.0000%
73.728,38400,8,240.00,240,38400.00,0.0000%
73.728,38400,16,120.00,120,38400.00,0.0000%
73.728,38400,32,60.00,60,38400.00,0.0000%
73.728,57600,8,160.00,160,57600.00,0.0000%
73.728,57600,16,80.00,80,57600.00,0.0000%
73.728,57600,32,40.00,40,57600.00,0.0000%
73.728,115200,8,80.00,80,115200.00,0.0000%
73.728,115200,16,40.00,40,115200.00,0.0000%
73.728,115200,32,20.00,20,115200.00,0.0000%
73.728,230400,8,40.00,40,230400.00,0.0000%
73.728,230400,16,20.00,20,230400.00,0.0000%
73.728,230400,32,10.00,10,230400.00,0.0000%
73.728,460800,8,20.00,20,460800.00,0.0000%
73.728,460800,16,10.00,10,460800.00,0.0000%
73.728,460800,32,5.00,5,460800.00,0.0000%
73.728,921600,8,10.00,10,921600.00,0.0000%
73.728,921600,16,5.00,5,921600.00,0.0000%
73.728,921600,32,2.50,2,1152000.00,25.0000%
73.75,110,8,83806.82,N/A,N/A,Out of Range
73.75,110,16,41903.41,41903,110.00,0.0010%
73.75,110,32,20951.70,20952,110.00,-0.0014%
73.75,300,8,30729.17,30729,300.00,0.0005%
73.75,300,16,15364.58,15365,299.99,-0.0027%
73.75,300,32,7682.29,7682,300.01,0.0038%
73.75,600,8,15364.58,15365,599.98,-0.0027%
73.75,600,16,7682.29,7682,600.02,0.0038%
73.75,600,32,3841.15,3841,600.02,0.0038%
73.75,1200,8,7682.29,7682,1200.05,0.0038%
73.75,1200,16,3841.15,3841,1200.05,0.0038%
73.75,1200,32,1920.57,1921,1199.73,-0.0222%
73.75,2400,8,3841.15,3841,2400.09,0.0038%
73.75,2400,16,1920.57,1921,2399.47,-0.0222%
73.75,2400,32,960.29,960,2400.72,0.0298%
73.75,4800,8,1920.57,1921,4798.93,-0.0222%
73.75,4800,16,960.29,960,4801.43,0.0298%
73.75,4800,32,480.14,480,4801.43,0.0298%
73.75,9600,8,960.29,960,9602.86,0.0298%
73.75,9600,16,480.14,480,9602.86,0.0298%
73.75,9600,32,240.07,240,9602.86,0.0298%
73.75,14400,8,640.19,640,14404.30,0.0298%
73.75,14400,16,320.10,320,14404.30,0.0298%
73.75,14400,32,160.05,160,14404.30,0.0298%
73.75,19200,8,480.14,480,19205.73,0.0298%
73.75,19200,16,240.07,240,19205.73,0.0298%
73.75,19200,32,120.04,120,19205.73,0.0298%
73.75,38400,8,240.07,240,38411.46,0.0298%
73.75,38400,16,120.04,120,38411.46,0.0298%
73.75,38400,32,60.02,60,38411.46,0.0298%
73.75,57600,8,160.05,160,57617.19,0.0298%
73.75,57600,16,80.02,80,57617.19,0.0298%
73.75,57600,32,40.01,40,57617.19,0.0298%
73.75,115200,8,80.02,80,115234.38,0.0298%
73.75,115200,16,40.01,40,115234.38,0.0298%
73.75,115200,32,20.01,20,115234.38,0.0298%
73.75,230400,8,40.01,40,230468.75,0.0298%
73.75,230400,16,20.01,20,230468.75,0.0298%
73.75,230400,32,10.00,10,230468.75,0.0298%
73.75,460800,8,20.01,20,460937.50,0.0298%
73.75,460800,16,10.00,10,460937.50,0.0298%
73.75,460800,32,5.00,5,460937.50,0.0298%
73.75,921600,8,10.00,10,921875.00,0.0298%
73.75,921600,16,5.00,5,921875.00,0.0298%
73.75,921600,32,2.50,3,768229.17,-16.6418%
100.0,110,8,113636.36,N/A,N/A,Out of Range
100.0,110,16,56818.18,56818,110.00,0.0003%
100.0,110,32,28409.09,28409,110.00,0.0003%
100.0,300,8,41666.67,41667,300.00,-0.0008%
100.0,300,16,20833.33,20833,300.00,0.0016%
100.0,300,32,10416.67,10417,299.99,-0.0032%
100.0,600,8,20833.33,20833,600.01,0.0016%
100.0,600,16,10416.67,10417,599.98,-0.0032%
100.0,600,32,5208.33,5208,600.04,0.0064%
100.0,1200,8,10416.67,10417,1199.96,-0.0032%
100.0,1200,16,5208.33,5208,1200.08,0.0064%
100.0,1200,32,2604.17,2604,1200.08,0.0064%
100.0,2400,8,5208.33,5208,2400.15,0.0064%
100.0,2400,16,2604.17,2604,2400.15,0.0064%
100.0,2400,32,1302.08,1302,2400.15,0.0064%
100.0,4800,8,2604.17,2604,4800.31,0.0064%
100.0,4800,16,1302.08,1302,4800.31,0.0064%
100.0,4800,32,651.04,651,4800.31,0.0064%
100.0,9600,8,1302.08,1302,9600.61,0.0064%
100.0,9600,16,651.04,651,9600.61,0.0064%
100.0,9600,32,325.52,326,9585.89,-0.1470%
100.0,14400,8,868.06,868,14400.92,0.0064%
100.0,14400,16,434.03,434,14400.92,0.0064%
100.0,14400,32,217.01,217,14400.92,0.0064%
100.0,19200,8,651.04,651,19201.23,0.0064%
100.0,19200,16,325.52,326,19171.78,-0.1470%
100.0,19200,32,162.76,163,19171.78,-0.1470%
100.0,38400,8,325.52,326,38343.56,-0.1470%
100.0,38400,16,162.76,163,38343.56,-0.1470%
100.0,38400,32,81.38,81,38580.25,0.4694%
100.0,57600,8,217.01,217,57603.69,0.0064%
100.0,57600,16,108.51,109,57339.45,-0.4523%
100.0,57600,32,54.25,54,57870.37,0.4694%
100.0,115200,8,108.51,109,114678.90,-0.4523%
100.0,115200,16,54.25,54,115740.74,0.4694%
100.0,115200,32,27.13,27,115740.74,0.4694%
100.0,230400,8,54.25,54,231481.48,0.4694%
100.0,230400,16,27.13,27,231481.48,0.4694%
100.0,230400,32,13.56,14,223214.29,-3.1188%
100.0,460800,8,27.13,27,462962.96,0.4694%
100.0,460800,16,13.56,14,446428.57,-3.1188%
100.0,460800,32,6.78,7,446428.57,-3.1188%
100.0,921600,8,13.56,14,892857.14,-3.1188%
100.0,921600,16,6.78,7,892857.14,-3.1188%
100.0,921600,32,3.39,3,1041666.67,13.0281%
147.456,110,8,167563.64,N/A,N/A,Out of Range
147.456,110,16,83781.82,N/A,N/A,Out of Range
147.456,110,32,41890.91,41891,110.00,-0.0002%
147.456,300,8,61440.00,61440,300.00,0.0000%
147.456,300,16,30720.00,30720,300.00,0.0000%
147.456,300,32,15360.00,15360,300.00,0.0000%
147.456,600,8,30720.00,30720,600.00,0.0000%
147.456,600,16,15360.00,15360,600.00,0.0000%
147.456,600,32,7680.00,7680,600.00,0.0000%
147.456,1200,8,15360.00,15360,1200.00,0.0000%
147.456,1200,16,7680.00,7680,1200.00,0.0000%
147.456,1200,32,3840.00,3840,1200.00,0.0000%
147.456,2400,8,7680.00,7680,2400.00,0.0000%
147.456,2400,16,3840.00,3840,2400.00,0.0000%
147.456,2400,32,1920.00,1920,2400.00,0.0000%
147.456,4800,8,3840.00,3840,4800.00,0.0000%
147.456,4800,16,1920.00,1920,4800.00,0.0000%
147.456,4800,32,960.00,960,4800.00,0.0000%
147.456,9600,8,1920.00,1920,9600.00,0.0000%
147.456,9600,16,960.00,960,9600.00,0.0000%
147.456,9600,32,480.00,480,9600.00,0.0000%
147.456,14400,8,1280.00,1280,14400.00,0.0000%
147.456,14400,16,640.00,640,14400.00,0.0000%
147.456,14400,32,320.00,320,14400.00,0.0000%
147.456,19200,8,960.00,960,19200.00,0.0000%
147.456,19200,16,480.00,480,19200.00,0.0000%
147.456,19200,32,240.00,240,19200.00,0.0000%
147.456,38400,8,480.00,480,38400.00,0.0000%
147.456,38400,16,240.00,240,38400.00,0.0000%
147.456,38400,32,120.00,120,38400.00,0.0000%
147.456,57600,8,320.00,320,57600.00,0.0000%
147.456,57600,16,160.00,160,57600.00,0.0000%
147.456,57600,32,80.00,80,57600.00,0.0000%
147.456,115200,8,160.00,160,115200.00,0.0000%
147.456,115200,16,80.00,80,115200.00,0.0000%
147.456,115200,32,40.00,40,115200.00,0.0000%
147.456,230400,8,80.00,80,230400.00,0.0000%
147.456,230400,16,40.00,40,230400.00,0.0000%
147.456,230400,32,20.00,20,230400.00,0.0000%
147.456,460800,8,40.00,40,460800.00,0.0000%
147.456,460800,16,20.00,20,460800.00,0.0000%
147.456,460800,32,10.00,10,460800.00,0.0000%
147.456,921600,8,20.00,20,921600.00,0.0000%
147.456,921600,16,10.00,10,921600.00,0.0000%
147.456,921600,32,5.00,5,921600.00,0.0000%
200.0,110,8,227272.73,N/A,N/A,Out of Range
200.0,110,16,113636.36,N/A,N/A,Out of Range
200.0,110,32,56818.18,56818,110.00,0.0003%
200.0,300,8,83333.33,N/A,N/A,Out of Range
200.0,300,16,41666.67,41667,300.00,-0.0008%
200.0,300,32,20833.33,20833,300.00,0.0016%
200.0,600,8,41666.67,41667,600.00,-0.0008%
200.0,600,16,20833.33,20833,600.01,0.0016%
200.0,600,32,10416.67,10417,599.98,-0.0032%
200.0,1200,8,20833.33,20833,1200.02,0.0016%
200.0,1200,16,10416.67,10417,1199.96,-0.0032%
200.0,1200,32,5208.33,5208,1200.08,0.0064%
200.0,2400,8,10416.67,10417,2399.92,-0.0032%
200.0,2400,16,5208.33,5208,2400.15,0.0064%
200.0,2400,32,2604.17,2604,2400.15,0.0064%
200.0,4800,8,5208.33,5208,4800.31,0.0064%
200.0,4800,16,2604.17,2604,4800.31,0.0064%
200.0,4800,32,1302.08,1302,4800.31,0.0064%
200.0,9600,8,2604.17,2604,9600.61,0.0064%
200.0,9600,16,1302.08,1302,9600.61,0.0064%
200.0,9600,32,651.04,651,9600.61,0.0064%
200.0,14400,8,1736.11,1736,14400.92,0.0064%
200.0,14400,16,868.06,868,14400.92,0.0064%
200.0,14400,32,434.03,434,14400.92,0.0064%
200.0,19200,8,1302.08,1302,19201.23,0.0064%
200.0,19200,16,651.04,651,19201.23,0.0064%
200.0,19200,32,325.52,326,19171.78,-0.1470%
200.0,38400,8,651.04,651,38402.46,0.0064%
200.0,38400,16,325.52,326,38343.56,-0.1470%
200.0,38400,32,162.76,163,38343.56,-0.1470%
200.0,57600,8,434.03,434,57603.69,0.0064%
200.0,57600,16,217.01,217,57603.69,0.0064%
200.0,57600,32,108.51,109,57339.45,-0.4523%
200.0,115200,8,217.01,217,115207.37,0.0064%
200.0,115200,16,108.51,109,114678.90,-0.4523%
200.0,115200,32,54.25,54,115740.74,0.4694%
200.0,230400,8,108.51,109,229357.80,-0.4523%
200.0,230400,16,54.25,54,231481.48,0.4694%
200.0,230400,32,27.13,27,231481.48,0.4694%
200.0,460800,8,54.25,54,462962.96,0.4694%
200.0,460800,16,27.13,27,462962.96,0.4694%
200.0,460800,32,13.56,14,446428.57,-3.1188%
200.0,921600,8,27.13,27,925925.93,0.4694%
200.0,921600,16,13.56,14,892857.14,-3.1188%
200.0,921600,32,6.78,7,892857.14,-3.1188%
